{"name":"d6a631da-7461-46ad-9b20-cf902482f53f","id":"/providers/Microsoft.Flow/flows/d6a631da-7461-46ad-9b20-cf902482f53f","type":"Microsoft.Flow/flows","properties":{"apiId":"/providers/Microsoft.PowerApps/apis/shared_logicflows","displayName":"EmailForHolidays","definition":{"metadata":{"workflowEntityId":null,"processAdvisorMetadata":null,"flowChargedByPaygo":null,"flowclientsuspensionreason":"None","flowclientsuspensiontime":null,"flowclientsuspensionreasondetails":"","creator":{"id":"02a8c574-e660-4322-aa2e-9d7d89e0c5d2","type":"User","tenantId":"21efe011-bedc-4f48-a89f-431b670ec099"},"provisioningMethod":"FromDefinition","failureAlertSubscription":true,"clientLastModifiedTime":"2025-01-07T13:29:29.5616967Z","connectionKeySavedTimeKey":"2025-01-02T20:51:38.8697345Z"},"$schema":"https://schema.management.azure.com/providers/Microsoft.Logic/schemas/2016-06-01/workflowdefinition.json#","contentVersion":"undefined","parameters":{"$connections":{"defaultValue":{},"type":"Object"},"$authentication":{"defaultValue":{},"type":"SecureObject"}},"triggers":{"Recurrence":{"recurrence":{"frequency":"Day","interval":1,"timeZone":"SA Pacific Standard Time","startTime":"2024-08-27T09:00:00Z","schedule":{"hours":["12"],"minutes":[0]}},"metadata":{"operationMetadataId":"98d8f168-b54d-4474-bde3-b599e2740c22"},"type":"Recurrence"}},"actions":{"Get_items":{"runAfter":{},"metadata":{"operationMetadataId":"ba88d037-169a-404f-b8a8-1c9d9548b1ae"},"type":"OpenApiConnection","inputs":{"host":{"apiId":"/providers/Microsoft.PowerApps/apis/shared_sharepointonline","connectionName":"shared_sharepointonline","operationId":"GetItems"},"parameters":{"dataset":"https://mushroomsoftit.sharepoint.com/sites/mushroomsoft-Canalparapruebas","table":"01c8c863-6f1b-4f15-a90d-ae4f6217aa75"},"authentication":"@parameters('$authentication')"}},"Apply_to_each":{"foreach":"@outputs('Get_items')?['body/value']","actions":{"Condition":{"actions":{"Get_items_2":{"runAfter":{},"metadata":{"operationMetadataId":"a87da668-1aeb-45a2-9ddd-6afa5eff4a78"},"type":"OpenApiConnection","inputs":{"host":{"apiId":"/providers/Microsoft.PowerApps/apis/shared_sharepointonline","connectionName":"shared_sharepointonline","operationId":"GetItems"},"parameters":{"dataset":"https://mushroomsoftit.sharepoint.com/sites/mushroomsoft-Canalparapruebas","table":"63656e60-9efe-4113-a88c-a588ae1eb627"},"authentication":"@parameters('$authentication')"}},"Condition_2":{"actions":{"Apply_to_each_2":{"foreach":"@outputs('Get_items_2')?['body/value']","actions":{"Send_an_email_(V2)":{"runAfter":{},"metadata":{"operationMetadataId":"3e68350e-6ab2-48cc-8265-217806bc07c8"},"type":"OpenApiConnection","inputs":{"host":{"apiId":"/providers/Microsoft.PowerApps/apis/shared_office365","connectionName":"shared_office365_1","operationId":"SendEmailV2"},"parameters":{"emailMessage/To":"@items('Apply_to_each_2')?['Allowed/Email']","emailMessage/Subject":"Hey @{items('Apply_to_each_2')?['Allowed/DisplayName']}, a holiday is coming!","emailMessage/Body":"<p>Dear @{items('Apply_to_each_2')?['Allowed/DisplayName']},<br>\nThe MushroomSoft team let you know that the holiday @{items('Apply_to_each')?['Title']}, which is celebrated @{items('Apply_to_each')?['field_3']} will have the day off on: @{items('Apply_to_each')?['field_1']}. Don't forget that the holiday can be passed to a day near the weekend.<br>\nRegards.<br>\nTeam MushroomSoft-it<br>\n<a href=\"https://mushroomsoft-it.com/\">Mushroomsoft website</a>&nbsp;&nbsp;</p>","emailMessage/Importance":"Normal"},"authentication":"@parameters('$authentication')"}}},"runAfter":{},"metadata":{"operationMetadataId":"d29a52e4-ad01-44be-95ab-13a073b9bfc2"},"type":"Foreach"}},"runAfter":{"Get_items_2":["Succeeded"]},"else":{"actions":{"Apply_to_each_3":{"foreach":"@outputs('Get_items_2')?['body/value']","actions":{"Send_an_email_(V2)_2":{"runAfter":{},"metadata":{"operationMetadataId":"53798988-d9ae-4a38-9d6f-0e9be3b1dd9f"},"type":"OpenApiConnection","inputs":{"host":{"apiId":"/providers/Microsoft.PowerApps/apis/shared_office365","connectionName":"shared_office365_1","operationId":"SendEmailV2"},"parameters":{"emailMessage/To":"@items('Apply_to_each_3')?['Allowed/Email']","emailMessage/Subject":"Hey @{items('Apply_to_each_3')?['Allowed/DisplayName']}, a holiday is coming!","emailMessage/Body":"<p>Dear @{items('Apply_to_each_3')?['Allowed/DisplayName']},<br>\nThe MushroomSoft team let you know that the holiday @{items('Apply_to_each')?['Title']}, which is celebrated @{items('Apply_to_each')?['field_3']} &nbsp;will have the days off on @{items('Apply_to_each')?['field_1']}, until @{items('Apply_to_each')?['field_2']}. Don't forget that the holiday can be passed to days near the weekend.<br>\nRegards.<br>\nTeam MushroomSoft-it<br>\n<a href=\"https://mushroomsoft-it.com/\">Mushroomsoft website</a>&nbsp;</p>","emailMessage/Importance":"Normal"},"authentication":"@parameters('$authentication')"}}},"runAfter":{},"metadata":{"operationMetadataId":"94134081-4b95-4888-9b44-e47bb4fe66b9"},"type":"Foreach"}}},"expression":{"equals":["@items('Apply_to_each')?['field_1']","@items('Apply_to_each')?['field_2']"]},"metadata":{"operationMetadataId":"b976cba2-137f-483f-beb8-b08d8d053f16"},"type":"If"}},"runAfter":{},"expression":{"equals":["@items('Apply_to_each')?['field_1']","@formatDateTime(addDays(utcNow(), 3), 'yyyy-MM-dd')"]},"metadata":{"operationMetadataId":"60600397-c7ea-4245-833c-a0cb5d14b452"},"type":"If"}},"runAfter":{"Get_items":["Succeeded"]},"metadata":{"operationMetadataId":"76191706-f059-4a95-a341-50b3a5cbc0f6"},"type":"Foreach"}}},"connectionReferences":{"shared_sharepointonline":{"connectionName":"shared-sharepointonl-52ce73d3-2795-48b4-907d-67a54f429b4b","source":"Embedded","id":"/providers/Microsoft.PowerApps/apis/shared_sharepointonline","tier":"NotSpecified","apiName":"sharepointonline"},"shared_office365_1":{"connectionName":"shared-office365-ec632161-97c1-4892-b1fc-86d0349ef973","source":"Embedded","id":"/providers/Microsoft.PowerApps/apis/shared_office365","tier":"NotSpecified","apiName":"office365"}},"flowFailureAlertSubscribed":false,"isManaged":false}}